{
    "name": "root",
    "gauges": {
        "PingPongAgent.Policy.Entropy.mean": {
            "value": 1.207086443901062,
            "min": 1.207086443901062,
            "max": 1.4189382791519165,
            "count": 250
        },
        "PingPongAgent.Policy.Entropy.sum": {
            "value": 24091.03125,
            "min": 24079.533203125,
            "max": 28412.8203125,
            "count": 250
        },
        "PingPongAgent.Environment.EpisodeLength.mean": {
            "value": 54.74860335195531,
            "min": 54.16528925619835,
            "max": 62.333333333333336,
            "count": 250
        },
        "PingPongAgent.Environment.EpisodeLength.sum": {
            "value": 19600.0,
            "min": 19576.0,
            "max": 19732.0,
            "count": 250
        },
        "PingPongAgent.Game.MissedPoints.mean": {
            "value": 1.0,
            "min": 1.0,
            "max": 1.0,
            "count": 250
        },
        "PingPongAgent.Game.MissedPoints.sum": {
            "value": 153.0,
            "min": 142.0,
            "max": 208.0,
            "count": 250
        },
        "PingPongAgent.Step.mean": {
            "value": 4999934.0,
            "min": 19940.0,
            "max": 4999934.0,
            "count": 250
        },
        "PingPongAgent.Step.sum": {
            "value": 4999934.0,
            "min": 19940.0,
            "max": 4999934.0,
            "count": 250
        },
        "PingPongAgent.Policy.ExtrinsicValueEstimate.mean": {
            "value": -6.115286827087402,
            "min": -6.803311347961426,
            "max": 0.014948506839573383,
            "count": 250
        },
        "PingPongAgent.Policy.ExtrinsicValueEstimate.sum": {
            "value": -2189.272705078125,
            "min": -2252.334716796875,
            "max": 4.723728179931641,
            "count": 250
        },
        "PingPongAgent.Environment.CumulativeReward.mean": {
            "value": -13.804444893778369,
            "min": -20.85865803559621,
            "max": -13.396610245560154,
            "count": 250
        },
        "PingPongAgent.Environment.CumulativeReward.sum": {
            "value": -4941.991271972656,
            "min": -6758.205203533173,
            "max": -4717.124903202057,
            "count": 250
        },
        "PingPongAgent.Policy.ExtrinsicReward.mean": {
            "value": -13.804444893778369,
            "min": -20.85865803559621,
            "max": -13.396610245560154,
            "count": 250
        },
        "PingPongAgent.Policy.ExtrinsicReward.sum": {
            "value": -4941.991271972656,
            "min": -6758.205203533173,
            "max": -4717.124903202057,
            "count": 250
        },
        "PingPongAgent.Game.SuccessfulPoints.mean": {
            "value": 1.0,
            "min": 1.0,
            "max": 1.0,
            "count": 250
        },
        "PingPongAgent.Game.SuccessfulPoints.sum": {
            "value": 205.0,
            "min": 134.0,
            "max": 205.0,
            "count": 250
        },
        "PingPongAgent.IsTraining.mean": {
            "value": 1.0,
            "min": 1.0,
            "max": 1.0,
            "count": 250
        },
        "PingPongAgent.IsTraining.sum": {
            "value": 1.0,
            "min": 1.0,
            "max": 1.0,
            "count": 250
        },
        "PingPongAgent.Losses.PolicyLoss.mean": {
            "value": 0.01553683672536863,
            "min": 0.014088053758750618,
            "max": 0.02071838906267658,
            "count": 121
        },
        "PingPongAgent.Losses.PolicyLoss.sum": {
            "value": 0.01553683672536863,
            "min": 0.014088053758750618,
            "max": 0.02071838906267658,
            "count": 121
        },
        "PingPongAgent.Losses.ValueLoss.mean": {
            "value": 3.7296000152826307,
            "min": 2.849010130763054,
            "max": 10.199379563331604,
            "count": 121
        },
        "PingPongAgent.Losses.ValueLoss.sum": {
            "value": 3.7296000152826307,
            "min": 2.849010130763054,
            "max": 10.199379563331604,
            "count": 121
        },
        "PingPongAgent.Policy.LearningRate.mean": {
            "value": 4.008299198360017e-06,
            "min": 4.008299198360017e-06,
            "max": 0.0004958983008203399,
            "count": 121
        },
        "PingPongAgent.Policy.LearningRate.sum": {
            "value": 4.008299198360017e-06,
            "min": 4.008299198360017e-06,
            "max": 0.0004958983008203399,
            "count": 121
        },
        "PingPongAgent.Policy.Epsilon.mean": {
            "value": 0.10080164,
            "min": 0.10080164,
            "max": 0.19917966,
            "count": 121
        },
        "PingPongAgent.Policy.Epsilon.sum": {
            "value": 0.10080164,
            "min": 0.10080164,
            "max": 0.19917966,
            "count": 121
        },
        "PingPongAgent.Policy.Beta.mean": {
            "value": 1.3928036000000015e-05,
            "min": 1.3928036000000015e-05,
            "max": 0.0004959803339999999,
            "count": 121
        },
        "PingPongAgent.Policy.Beta.sum": {
            "value": 1.3928036000000015e-05,
            "min": 1.3928036000000015e-05,
            "max": 0.0004959803339999999,
            "count": 121
        }
    },
    "metadata": {
        "timer_format_version": "0.1.0",
        "start_time_seconds": "1748324343",
        "python_version": "3.8.18 (default, May 25 2025, 07:38:38) \n[Clang 15.0.0 (clang-1500.3.9.4)]",
        "command_line_arguments": "/Users/iroo/Documents/GitHub/AI_Pingpong/venv-arm/bin/mlagents-learn Assets/config/pingpong_config.yaml --run-id=ai_pingpong_2 --env=/Users/iroo/Desktop/build/AI_pingpong.app --time-scale=50",
        "mlagents_version": "0.30.0",
        "mlagents_envs_version": "0.30.0",
        "communication_protocol_version": "1.5.0",
        "pytorch_version": "1.12.0",
        "numpy_version": "1.21.2",
        "end_time_seconds": "1748340028"
    },
    "total": 15685.08371275,
    "count": 1,
    "self": 0.28406162499959464,
    "children": {
        "run_training.setup": {
            "total": 0.0237360419999999,
            "count": 1,
            "self": 0.0237360419999999
        },
        "TrainerController.start_learning": {
            "total": 15684.775915083,
            "count": 1,
            "self": 37.58978563264645,
            "children": {
                "TrainerController._reset_env": {
                    "total": 4.206799208,
                    "count": 1,
                    "self": 4.206799208
                },
                "TrainerController.advance": {
                    "total": 15642.944983784355,
                    "count": 5068802,
                    "self": 38.25611828130059,
                    "children": {
                        "env_step": {
                            "total": 14699.91156923953,
                            "count": 5068802,
                            "self": 13513.323672410399,
                            "children": {
                                "SubprocessEnvManager._take_step": {
                                    "total": 1160.3979939512355,
                                    "count": 5068802,
                                    "self": 95.96221504033633,
                                    "children": {
                                        "TorchPolicy.evaluate": {
                                            "total": 1064.4357789108992,
                                            "count": 5000001,
                                            "self": 1064.4357789108992
                                        }
                                    }
                                },
                                "workers": {
                                    "total": 26.189902877895648,