{
    "name": "root",
    "gauges": {
        "PingPongAgent.Policy.Entropy.mean": {
            "value": 1.4189382791519165,
            "min": 1.4189382791519165,
            "max": 1.4189382791519165,
            "count": 2
        },
        "PingPongAgent.Policy.Entropy.sum": {
            "value": 28340.455078125,
            "min": 28340.455078125,
            "max": 28418.49609375,
            "count": 2
        },
        "PingPongAgent.Environment.EpisodeLength.mean": {
            "value": 53.42234332425068,
            "min": 53.12972972972973,
            "max": 53.42234332425068,
            "count": 2
        },
        "PingPongAgent.Environment.EpisodeLength.sum": {
            "value": 19606.0,
            "min": 19606.0,
            "max": 19658.0,
            "count": 2
        },
        "PingPongAgent.Game.MissedPoints.mean": {
            "value": 1.0,
            "min": 1.0,
            "max": 1.0,
            "count": 2
        },
        "PingPongAgent.Game.MissedPoints.sum": {
            "value": 190.0,
            "min": 180.0,
            "max": 190.0,
            "count": 2
        },
        "PingPongAgent.Step.mean": {
            "value": 39951.0,
            "min": 19967.0,
            "max": 39951.0,
            "count": 2
        },
        "PingPongAgent.Step.sum": {
            "value": 39951.0,
            "min": 19967.0,
            "max": 39951.0,
            "count": 2
        },
        "PingPongAgent.Policy.ExtrinsicValueEstimate.mean": {
            "value": 0.47568845748901367,
            "min": 0.47568845748901367,
            "max": 0.487129807472229,
            "count": 2
        },
        "PingPongAgent.Policy.ExtrinsicValueEstimate.sum": {
            "value": 174.57766723632812,
            "min": 174.57766723632812,
            "max": 179.7509002685547,
            "count": 2
        },
        "PingPongAgent.Environment.CumulativeReward.mean": {
            "value": -19.839552829960713,
            "min": -19.839552829960713,
            "max": -19.74143786029764,
            "count": 2
        },
        "PingPongAgent.Environment.CumulativeReward.sum": {
            "value": -7281.115888595581,
            "min": -7284.590570449829,
            "max": -7281.115888595581,
            "count": 2
        },
        "PingPongAgent.Policy.ExtrinsicReward.mean": {
            "value": -19.839552829960713,
            "min": -19.839552829960713,
            "max": -19.74143786029764,
            "count": 2
        },
        "PingPongAgent.Policy.ExtrinsicReward.sum": {
            "value": -7281.115888595581,
            "min": -7284.590570449829,
            "max": -7281.115888595581,
            "count": 2
        },
        "PingPongAgent.Game.SuccessfulPoints.mean": {
            "value": 1.0,
            "min": 1.0,
            "max": 1.0,
            "count": 2
        },
        "PingPongAgent.Game.SuccessfulPoints.sum": {
            "value": 177.0,
            "min": 177.0,
            "max": 190.0,
            "count": 2
        },
        "PingPongAgent.IsTraining.mean": {
            "value": 1.0,
            "min": 1.0,
            "max": 1.0,
            "count": 2
        },
        "PingPongAgent.IsTraining.sum": {
            "value": 1.0,
            "min": 1.0,
            "max": 1.0,
            "count": 2
        }
    },
    "metadata": {
        "timer_format_version": "0.1.0",
        "start_time_seconds": "1748312851",
        "python_version": "3.8.18 (default, May 25 2025, 07:38:38) \n[Clang 15.0.0 (clang-1500.3.9.4)]",
        "command_line_arguments": "/Users/iroo/Documents/GitHub/AI_Pingpong/venv-arm/bin/mlagents-learn Assets/config/pingpong_config.yaml --run-id=ai_pingpong_2 --env=/Users/iroo/Desktop/build/AI_pingpong.app --time-scale=50",
        "mlagents_version": "0.30.0",
        "mlagents_envs_version": "0.30.0",
        "communication_protocol_version": "1.5.0",
        "pytorch_version": "1.12.0",
        "numpy_version": "1.21.2",
        "end_time_seconds": "1748313029"
    },
    "total": 178.328489209,
    "count": 1,
    "self": 0.1662597920000053,
    "children": {
        "run_training.setup": {
            "total": 0.020033250000000002,
            "count": 1,
            "self": 0.020033250000000002
        },
        "TrainerController.start_learning": {
            "total": 178.14219616699998,
            "count": 1,
            "self": 0.48154510600181766,
            "children": {
                "TrainerController._reset_env": {
                    "total": 4.833969292000001,
                    "count": 1,
                    "self": 4.833969292000001
                },
                "TrainerController.advance": {
                    "total": 172.76028272799815,
                    "count": 53994,
                    "self": 0.46970813399758526,
                    "children": {
                        "env_step": {
                            "total": 163.1905215520023,
                            "count": 53994,
                            "self": 149.32619453700192,
                            "children": {
                                "SubprocessEnvManager._take_step": {
                                    "total": 13.546455863996588,
                                    "count": 53994,
                                    "self": 1.2140024539965282,
                                    "children": {
                                        "TorchPolicy.evaluate": {
                                            "total": 12.33245341000006,
                                            "count": 53139,
                                            "self": 12.33245341000006
                                        }
                                    }
                                },
                                "workers": {
                                    "total": 0.3178711510037946,
                                    "count": 53993,
                                    "self": 0.0,
                                    "children": {
                                        "worker_root": {
                                            "total": 172.59102808800213,
                                            "count": 53993,
                                            "is_parallel": true,
                                            "self": 43.90972593400113,
                                            "children": {
                                                "steps_from_proto": {
                                                    "total": 0.0002499159999995726,
                                                    "count": 1,
                                                    "is_parallel": true,
                                                    "self": 7.154199999970245e-05,
                                                    "children": {
                                                        "_process_rank_one_or_two_observation": {
                                                            "total": 0.00017837399999987014,
                                                            "count": 2,
                                                            "is_parallel": true,
                                                            "self": 0.00017837399999987014
                                                        }
                                                    }
                                                },
                                                "UnityEnvironment.step": {
                                                    "total": 128.681052238001,
                                                    "count": 53993,
                                                    "is_parallel": true,
                                                    "self": 1.4149075300020968,