{"count":1,"self":62.998105599999995,"total":63.975269999999995,"children":{"InitializeActuators":{"count":3,"self":0.000743,"total":0.000743,"children":null},"InitializeSensors":{"count":3,"self":0.000765,"total":0.000765,"children":null},"AgentSendState":{"count":3043,"self":0.019549999999999998,"total":0.025849999999999998,"children":{"CollectObservations":{"count":535,"self":0.0031149999999999997,"total":0.0031149999999999997,"children":null},"WriteActionMask":{"count":535,"self":0.00085799999999999993,"total":0.00085799999999999993,"children":null},"RequestDecision":{"count":535,"self":0.002327,"total":0.002327,"children":null}}},"DecideAction":{"count":3043,"self":0.93006199999999994,"total":0.93006199999999994,"children":null},"AgentAct":{"count":3043,"self":0.019483,"total":0.019483,"children":null}},"gauges":{"PingPongAgent.CumulativeReward":{"count":5,"max":-16.8069668,"min":-36.7162781,"runningAverage":-26.7065983,"value":-30.2238827,"weightedAverage":-26.3669682}},"metadata":{"timer_format_version":"0.1.0","start_time_seconds":"1748431522","unity_version":"2022.3.62f1","command_line_arguments":"\/Applications\/Unity\/Hub\/Editor\/2022.3.62f1\/Unity.app\/Contents\/MacOS\/Unity -projectpath \/Users\/iroo\/Documents\/GitHub\/AI_Pingpong2 -useHub -hubIPC -cloudEnvironment production","communication_protocol_version":"1.5.0","com.unity.ml-agents_version":"2.3.0-exp.3","scene_name":"GameScene","end_time_seconds":"1748431586"}}