{"count":1,"self":71.7801088,"total":78.404866,"children":{"InitializeActuators":{"count":1,"self":0.00079599999999999994,"total":0.00079599999999999994,"children":null},"InitializeSensors":{"count":1,"self":0.00085399999999999994,"total":0.00085399999999999994,"children":null},"AgentSendState":{"count":3866,"self":0.020186,"total":0.030647999999999998,"children":{"CollectObservations":{"count":774,"self":0.0048309999999999994,"total":0.0048309999999999994,"children":null},"WriteActionMask":{"count":774,"self":0.00123,"total":0.00123,"children":null},"RequestDecision":{"count":774,"self":0.0044009999999999995,"total":0.0044009999999999995,"children":null}}},"DecideAction":{"count":3866,"self":6.5694659999999994,"total":6.5694659999999994,"children":null},"AgentAct":{"count":3866,"self":0.022674,"total":0.022674,"children":null}},"gauges":{"PingPongAgent.CumulativeReward":{"count":12,"max":-6.95201254,"min":-25.5467472,"runningAverage":-12.5159092,"value":-24.3513336,"weightedAverage":-15.6071672}},"metadata":{"timer_format_version":"0.1.0","start_time_seconds":"1748342981","unity_version":"2022.3.62f1","command_line_arguments":"\/Applications\/Unity\/Hub\/Editor\/2022.3.62f1\/Unity.app\/Contents\/MacOS\/Unity -projectpath \/Users\/iroo\/Documents\/GitHub\/AI_Pingpong2 -useHub -hubIPC -cloudEnvironment production","communication_protocol_version":"1.5.0","com.unity.ml-agents_version":"2.3.0-exp.3","scene_name":"PongScene","end_time_seconds":"1748343060"}}