Game,AIWinRate
1,0.1538462
2,0
3,0
4,0.08333334
